MAPE,Accuracy%,R2
5.0387664,-403.87665,0.26431733
